{
    "Statement": [
      {
        "Sid": "WhitelistedGet",
        "Effect": "Allow",
        "Principal": {
            "AWS": [
                "REPLACE_ME_CODEBUILD_ROLE_ARN",
                "REPLACE_ME_CODEPIPELINE_ROLE_ARN"
            ]
        },
        "Action": [
          "s3:GetObject",
          "s3:GetObjectVersion",
          "s3:GetBucketVersioning"
        ],
        "Resource": [
          "arn:aws:s3:::REPLACE_ME_ARTIFACTS_BUCKET_NAME/*",
          "arn:aws:s3:::REPLACE_ME_ARTIFACTS_BUCKET_NAME"
        ]
      },
      {
        "Sid": "WhitelistedPut",
        "Effect": "Allow",
        "Principal": {
            "AWS": [
                "REPLACE_ME_CODEBUILD_ROLE_ARN",
                "REPLACE_ME_CODEPIPELINE_ROLE_ARN"
            ]
        },
        "Action": "s3:PutObject",
        "Resource": [
          "arn:aws:s3:::REPLACE_ME_ARTIFACTS_BUCKET_NAME/*",
          "arn:aws:s3:::REPLACE_ME_ARTIFACTS_BUCKET_NAME"
        ]
      }
    ]
}
